time,smoothed_power
4.368810735400075e-07,6.093090570664887
0.00999043705565228,12.405339789164632
0.01998043723023102,18.13300157826327
0.029970437404806205,23.647531029914425
0.039960437579384944,28.287653000690753
0.04995043775396368,32.593323153106226
0.05994043792854242,36.57433528978215
0.06993043810311761,40.410740338942446
0.07992043827769635,43.2323476159914
0.08991043845227509,46.08269673880299
0.09990043862685027,48.458342185512734
